{
  "run_name": "regex_extraction_v3",
  "improvements": [
    "Handles star alleles with space (GENE *N)",
    "Handles standalone star alleles with gene context",
    "Added NUDT15 to gene list",
    "Handles copy number variants (*1xN)",
    "Expanded pharmacogene list"
  ],
  "avg_recall": 0.8775963801218162,
  "avg_precision": 0.42758643714397176,
  "articles_scored": 32,
  "per_article_results": [
    {
      "pmcid": "PMC5508045",
      "recall": 1.0,
      "precision": 0.5,
      "true_count": 4,
      "extracted_count": 8,
      "matches": [
        "rs887829",
        "rs2108622",
        "rs9923231",
        "rs1057910"
      ],
      "misses": [],
      "extras": [
        "cyp2c9*3",
        "rs8175347",
        "cyp2c9*2",
        "cyp2c9*1"
      ]
    },
    {
      "pmcid": "PMC4916189",
      "recall": 0.7142857142857143,
      "precision": 0.38461538461538464,
      "true_count": 7,
      "extracted_count": 13,
      "matches": [
        "rs4803419",
        "rs3745274",
        "rs28399499",
        "rs1045642",
        "rs2472677"
      ],
      "misses": [
        "cyp2b6*9",
        "cyp2b6*1"
      ],
      "extras": [
        "rs35599367",
        "rs8192726",
        "cyp3a4*22",
        "rs3003596",
        "rs28399454",
        "cyp2a6*17",
        "rs2307424",
        "rs6785049"
      ]
    },
    {
      "pmcid": "PMC12036300",
      "recall": 1.0,
      "precision": 0.16666666666666666,
      "true_count": 3,
      "extracted_count": 18,
      "matches": [
        "cyp2c19*2",
        "cyp2c19*1",
        "cyp2c19*17"
      ],
      "misses": [],
      "extras": [
        "cyp2c19*3",
        "rs6413438",
        "cyp2c19*26",
        "cyp2c19*33",
        "rs370803989",
        "cyp2c19*22",
        "rs1045642",
        "cyp2c9*17",
        "cyp3a5*3",
        "rs4986893",
        "rs4244285",
        "cyp2c19*10",
        "rs12248560",
        "rs375781227",
        "rs140278421"
      ]
    },
    {
      "pmcid": "PMC554812",
      "recall": 1.0,
      "precision": 0.3125,
      "true_count": 5,
      "extracted_count": 16,
      "matches": [
        "hla-drb1*03:01",
        "hla-b*58:01",
        "rs1594",
        "hla-c*03:02",
        "hla-a*33:03"
      ],
      "misses": [],
      "extras": [
        "rs1264440",
        "rs3117583",
        "hla-b*15:02",
        "rs1755038",
        "hla-b*57:01",
        "rs2855804",
        "rs1150793",
        "rs1264314",
        "rs2268791",
        "rs2304224",
        "rs589428"
      ]
    },
    {
      "pmcid": "PMC5561238",
      "recall": 0.8604651162790697,
      "precision": 0.46835443037974683,
      "true_count": 43,
      "extracted_count": 79,
      "matches": [
        "hla-b*15:24",
        "hla-c*18:01",
        "hla-c*04:07",
        "hla-b*51:02",
        "hla-b*39:10",
        "hla-b*57:01",
        "hla-b*15:01",
        "hla-drb1*01:01",
        "hla-b*78:01",
        "hla-c*04:06",
        "hla-c*05:09",
        "hla-c*05:01",
        "hla-c*04:03",
        "hla-b*51:01",
        "hla-b*15:32",
        "hla-b*67:01",
        "hla-b*38:02",
        "hla-b*39:01",
        "hla-b*55:02",
        "hla-b*39:06",
        "hla-b*15:35",
        "hla-c*04:01",
        "hla-b*15:27",
        "hla-b*54:01",
        "hla-drb1*01:02",
        "hla-drb1*01:03",
        "hla-b*38:01",
        "hla-b*13:02",
        "hla-drb1*04:04",
        "hla-b*15:25",
        "hla-b*52:01",
        "hla-b*55:01",
        "hla-b*39:05",
        "hla-b*15:12",
        "hla-b*39:09",
        "hla-b*35:05",
        "hla-b*56:01"
      ],
      "misses": [
        "hla-b*35:10",
        "rs3745274",
        "rs28399499",
        "hla-drb1*10:01",
        "hla-b*56:06",
        "hla-drb1*08:01"
      ],
      "extras": [
        "hla-b*07",
        "hla-drb1*04:05",
        "hla-a*02:01",
        "hla-cw*04",
        "hla-b*54",
        "hla-drb1*01",
        "hla-b*13",
        "hla-b*57:02",
        "hla-b*46",
        "hla-b*51:07",
        "hla-c*17:01",
        "hla-b*56",
        "hla-b*51",
        "hla-b*14",
        "hla-b*56:04",
        "hla-c*04",
        "hla-c*05",
        "hla-drb1*04:01",
        "hla-b*57",
        "hla-drb1*04:10",
        "hla-b*55",
        "hla-c*08",
        "hla-c*07:01",
        "hla-b*27",
        "hla-b*37",
        "hla-b*46:01",
        "hla-b*52",
        "hla-b*15:02",
        "hla-drb1*04",
        "hla-b*58:01",
        "hla-b*39",
        "hla-drb1*04:08",
        "hla-drb1*15:01",
        "hla-b*35",
        "hla-b*15",
        "hla-drb1*04:15",
        "hla-c*06:02",
        "hla-b*15:11",
        "hla-b*18",
        "hla-c*14:02",
        "hla-b*38",
        "hla-b*08"
      ]
    },
    {
      "pmcid": "PMC10946077",
      "recall": 0.6666666666666666,
      "precision": 1.0,
      "true_count": 7,
      "extracted_count": 2,
      "matches": [
        "ugt1a1*28",
        "ugt1a1*6"
      ],
      "misses": [
        "ugt1a1*1"
      ],
      "extras": []
    },
    {
      "pmcid": "PMC6465603",
      "recall": 1.0,
      "precision": 0.6666666666666666,
      "true_count": 2,
      "extracted_count": 3,
      "matches": [
        "rs1142345",
        "rs116855232"
      ],
      "misses": [],
      "extras": [
        "rs147390019"
      ]
    },
    {
      "pmcid": "PMC12038368",
      "recall": 1.0,
      "precision": 0.125,
      "true_count": 2,
      "extracted_count": 16,
      "matches": [
        "rs4149056",
        "rs2306283"
      ],
      "misses": [],
      "extras": [
        "rs7311358",
        "rs4149117",
        "cyp3a4*22",
        "rs717620",
        "rs1045642",
        "cyp3a5*3",
        "rs2231142",
        "slco1b1*15",
        "rs2242480",
        "rs3740066",
        "rs776746",
        "rs7311158",
        "slco1b1*1",
        "slco1b1*5"
      ]
    },
    {
      "pmcid": "PMC10880264",
      "recall": 0.3333333333333333,
      "precision": 0.038461538461538464,
      "true_count": 3,
      "extracted_count": 26,
      "matches": [
        "rs6311"
      ],
      "misses": [
        "cyp2c19 intermediate metabolizer",
        "cyp2d6 poor metabolizer"
      ],
      "extras": [
        "cyp2c19*3",
        "cyp2d6*4",
        "cyp2c19*6",
        "cyp2d6*7",
        "cyp2d6*9",
        "cyp2d6*6",
        "cyp2d6*5",
        "cyp2d6*41",
        "cyp2d6*15",
        "cyp2c19*1",
        "cyp2c19*4",
        "cyp2d6*8",
        "cyp2d6*11",
        "cyp2c19*17",
        "cyp2c19*2",
        "cyp2d6*2",
        "cyp2d6*17",
        "cyp2d6*10",
        "cyp2d6*14",
        "cyp2d6*1",
        "cyp2d6*3",
        "cyp2d6*12",
        "cyp2c19*7",
        "cyp2c19*5",
        "cyp2c19*8"
      ]
    },
    {
      "pmcid": "PMC12331468",
      "recall": 1.0,
      "precision": 0.13333333333333333,
      "true_count": 4,
      "extracted_count": 30,
      "matches": [
        "rs1695",
        "rs1801265",
        "rs45445694",
        "rs11280056"
      ],
      "misses": [],
      "extras": [
        "rs16430",
        "rs67376798",
        "rs9561778",
        "rs717620",
        "rs1045642",
        "rs4544694",
        "rs1665",
        "rs1044642",
        "rs56038477",
        "rs2231142",
        "dpyd*9",
        "rs11479",
        "rs1128503",
        "rs1801159",
        "rs13181",
        "dpyd*2",
        "dpyd*5",
        "rs3742106",
        "dpyd*13",
        "rs3918290",
        "rs1801019",
        "rs180131",
        "rs1801131",
        "rs1801133",
        "rs6737679",
        "rs55886062"
      ]
    },
    {
      "pmcid": "PMC6435416",
      "recall": 0.3333333333333333,
      "precision": 0.8333333333333334,
      "true_count": 15,
      "extracted_count": 6,
      "matches": [
        "cyp2d6*2",
        "cyp2d6*10",
        "cyp2d6*1",
        "cyp2d6*1xn",
        "cyp2d6*2xn"
      ],